Collection ID,Artist (Japanese),Artist (English),Title (Japanese),Title (English),Label,Catalog Number,Year,Format,Country,Genre,Retail Price (JPY),Notes,Source Photo,Cover Image Filename,Discogs URL,Cover Source,Cover Status
01,都はるみ,Harumi Miyako,都はるみの流し唄,Miyako Harumi no Nagashiuta (Flowing Songs),Columbia (Nippon Columbia),ALS-4183 (sticker 26-0424-069),1966,LP,Japan,Enka / Kayōkyoku,"¥1,500 (obi; later sticker series)",Classic red-background / white-pink kimono cover. Blue obi. Barcode sticker 26-0424-069. Original ALS-4183 Sep 1966 (¥1500). Separate from #06.,Photo A TL,01_miyako_nagashiuta.jpg,https://www.discogs.com/release/5826667,https://www.discogs.com/release/5826667,discogs
02,西川峰子,Mineko Nishikawa,ふたりの秘密,Futari no Himitsu (Two Secrets),Victor,SJX-210,1975,LP,Japan,Kayōkyoku / Enka,"¥2,000",Red Victor obi with Nipper logo; full 12-track listing on obi.,Photo A TR,02_nishikawa_futari.jpg,https://www.discogs.com/release/7413926,https://www.discogs.com/release/7413926,discogs
03,倍賞千恵子,Chieko Baisho,さくらの歌 / さくら貝の歌 — 倍賞千恵子の日本の詩,Sakura no Uta / Sakuragai no Uta — Chieko Baisho's Songs of Japan,King Records,SKK-680 (reissue SKA-217 also known),1971,LP,Japan,Kayōkyoku / Japanese lyric songs (抒情歌),"¥1,800 (printed on jacket)",CORRECTED ID: not 石川さゆり. Cover brands「さくらの歌」; Discogs/FanFan list as「さくら貝の歌 倍賞千恵子の日本の詩」SKK-680 (1971 gatefold). No obi on this copy. Photo credit: Shinsuke Ame.,Photo A BL,03_baisho_sakura.jpg,https://www.discogs.com/release/9146810,https://www.discogs.com/release/9146810,discogs
04,藤圭子,Keiko Fuji,別れの旅,Wakare no Tabi (Journey of Farewell),RCA,JRS-7194,1972,LP,Japan,Enka / Kayōkyoku,"¥1,800",Released 1972-06-25. White/red RCA obi. Track order per fan discography (A6=京都から博多まで).,Photo A BR,04_fuji_wakare.jpg,https://www.discogs.com/release/14837576,https://www.discogs.com/release/14837576,discogs
05,本田路津子,Rutsuko Honda,家路 / GOING HOME,Ieji / Going Home,CBS/Sony,SONP-30230 (cf. original SOND-66060),1971,LP,Japan,Folk / College Folk,"¥1,800",Obi shows SONP-30230; Wikipedia lists original as SOND-66060 (1971-08). Tracklist from that album edition. Pink/red CBS/Sony obi.,Photo B TL,05_honda_going_home.jpg,https://www.discogs.com/release/29605807,https://www.discogs.com/release/29605807,discogs
06,都はるみ,Harumi Miyako,都はるみの流し唄 / 魅力のすべて,Nagashiuta / Miryoku no Subete (All Her Charms) — alt. pressing,Columbia,sticker 26-0212-047 (catalog on jacket not fully confirmed),unknown,LP,Japan,Enka / Kayōkyoku,"¥2,400 (sticker/obi)","DIFFERENT from #01: red kimono close-up cover, red obi, ¥2400. Branded 流し唄 with 魅力のすべて. Full Discogs match uncertain; tracklist only partially visible on obi — DO NOT invent. Treat as separate collection entry.",Photo B TR,06_miyako_nagashiuta_alt.jpg,,photo crop fallback,photo_crop_fallback
07,都はるみ,Harumi Miyako,ベスト・アルバム,Best Album,Columbia,AX-7293 (sticker 25-0606-036),1980,LP,Japan,Enka,"¥2,500",Purple/white BEST ALBUM obi. Soft-focus smiling portrait. Tracklist from omimi.biz AX7293 listing.,Photo B BL,07_miyako_best_album_ax7293.jpg,https://www.discogs.com/release/19552204,https://www.discogs.com/release/19552204,discogs
08,都はるみ,Harumi Miyako,都はるみ・ベスト16,Harumi Miyako Best 16,Columbia,AX-7092 (sticker 26-0421-067; cover may read AA/AX),unknown,LP,Japan,Enka,"¥2,500",Yellow floral kimono / teal background. Orange obi. FanFan lists AX-7092. Year not confirmed on reliable source — left unknown. 16 tracks.,Photo B BR,08_miyako_best16.jpg,https://www.discogs.com/release/21285337,https://www.discogs.com/release/21285337,discogs
09,加藤登紀子,Tokiko Kato,ダブル・デラックス・アルバム,Double Deluxe Album,Polydor,MR 9070/1,1970,2LP,Japan,Folk / World & Country,"¥2,500",Red Polydor obi. 24 tracks across 4 sides.,Photo C TL,09_kato_double_deluxe.jpg,https://www.discogs.com/release/10000075,https://www.discogs.com/release/10000075,discogs
10,石毛恭子,Kyoko Ishige,石毛恭子がうたう 母と子供のうた ベストアルバム Vol.2,Mother & Child Songs Best Album Vol.2,Columbia,CW-7044,unknown,LP,Japan,Children's / Kayōkyoku,unknown,CORRECTED: Columbia CW-7044 (not Victor SJX-1044). Photo credit Naeba Prince Hotel / ©Fuji Production. Full tracklist not verified from Discogs — left incomplete.,Photo C TR,10_ishige_haha_kodomo.jpg,https://www.discogs.com/release/11651826,https://www.discogs.com/release/11651826,discogs
11,本田路津子,Rutsuko Honda,ギフト・パック・シリーズ,Gift Pack Series,CBS/Sony,SOLL-42 (cf. FanFan SOLL-16 same series title),unknown,LP,Japan,Folk,"¥2,000",Yellow Gift Pack Series obi; circular portrait cover. Jacket/obi show SOLL-42. Closest published tracklist is SOLL-16 Gift Pack — used provisionally; verify against disc/insert.,Photo C BL,11_honda_gift_pack.jpg,https://www.discogs.com/release/6410826,https://www.discogs.com/release/6410826,discogs
12,本田路津子,Rutsuko Honda,秋でもないのに / Honda Sings Evergreen Folk Hits,Aki demo nai noni / Honda Sings Evergreen Folk Hits,CBS/Sony,SONL-56010 (cf. original SOND-66050),1971,LP,Japan,Folk,"¥1,800",Red obi SONL-56010. Content matches debut LP『秋でもないのに』SOND-66050 (1971-04). Tracklist from Wikipedia discography.,Photo C BR,12_honda_evergreen.jpg,https://www.discogs.com/release/14124740,https://www.discogs.com/release/14124740,discogs
13,宮城道雄（作品）／演奏：宮城喜代子・宮城数江・伊藤京子 他,"Michio Miyagi (compositions) / perf. Kiyoko Miyagi, Kazue Miyagi, Kyoko Ito et al.",箏 名曲の調べ〈3〉／宮城道雄作品集,Koto Masterpieces Vol. 3 / Michio Miyagi Works,Victor,SJL-2080,unknown,LP,Japan,Traditional / Koto (Ikuta-ryū),unknown,"Jacket clearly prints SJL-2080 (not SJ-3008-3). Performers on jacket: 宮城喜代子(箏), 宮城数江(唄・箏), 伊藤京子(唄)他. 'KOTO music' branding. Pieces listed on front.",Photo D TL,13_miyagi_koto_vol3.jpg,https://www.discogs.com/search/?q=宮城道雄+SJL-2080,photo crop fallback,photo_crop_fallback
14,榎本美佐江,Misae Enomoto,榎本美佐江 名曲集,Misae Enomoto Masterpieces / Famous Songs,Victor,SJ-2022 (related Discogs pressings SJX-150),unknown,LP,Japan,Kayōkyoku / Enka,unknown,Victor SJ-2022 on jacket per photo. Tracklist matches well-known『名曲集』also issued as SJX-150 / Nivico. CD reissue VICL-63064 (2008) same 12 songs.,Photo D TR,14_enomoto_meikyoku.jpg,https://www.discogs.com/release/10151877,https://www.discogs.com/release/10151877,discogs
15,赤い鳥,The Red Birds (Akai Tori),What a Beautiful World,What a Beautiful World,Liberty (Toshiba Musical Industries),LTP-9017,1971,LP,Japan,Folk / Pop,unknown,English-language folk album. Manufactured by Toshiba; licensed from Liberty; produced for Alfa Music. Recorded at AIR Studios / Toshiba Studios.,Photo D BL,15_red_birds_beautiful_world.jpg,https://www.discogs.com/release/6403254,https://www.discogs.com/release/6403254,discogs
16,中島みゆき,Miyuki Nakajima,愛していると云ってくれ,Aishiteru to Ittekure (Tell Me You Love Me),Aard-Vark / Canyon,"C25A0007 (orig. VX-9002, 1978-04-10)",1978 (this pressing: later Canyon C25A reissue),LP,Japan,Folk / New Music,unknown on this copy,Black cover with inset photo. Catalog on jacket C25A0007 (Canyon repress series). Original LP VX-9002 ¥2500 (1978). 9 tracks.,Photo D BR,16_nakajima_aishiteru.jpg,https://www.discogs.com/release/5419459,https://www.discogs.com/release/5419459,discogs
17,イルカ,Iruka,JULIA,JULIA,PANAM (Crown),GWP-1015 (also associated GW-4034),1982,LP,Japan,Folk / Pop,"¥2,800",Black PANAM obi lists GWP-1015 ¥2800. Released 1982-06-25. Recorded in LA (Sunset Sound).,Photo E TL,17_iruka_julia.jpg,https://www.discogs.com/search/?q=Iruka+JULIA+GWP-1015,photo crop fallback,photo_crop_fallback
18,ウィッシュ,Wish,WISHは愛 / 六月の子守唄,Wish wa Ai / Rokugatsu no Komoriuta,Elektra (Warner-Pioneer),L-8037E,1974,LP,Japan,Folk / Soft Rock,"¥2,200",White Elektra obi. Arranged association with Tetsuji Hayashi / Mitsuo Hagita noted in secondary sources.,Photo E TR,18_wish_rokugatsu.jpg,https://www.discogs.com/release/15856177,https://www.discogs.com/release/15856177,discogs
19,川島康子,Yasuko Kawashima,海の見える部屋,Umi no Mieru Heya (A Room with a Sea View),Bauhaus (obi may read Blackhouse-style branding),K28A-391,1983,LP,Japan,New Music / Kayōkyoku,unknown,Yellow obi. Auction/listings: Bauhaus K28A-391 (1983). Tracklist from secondary blog/auction sources.,Photo E BL,19_kawashima_umi.jpg,https://www.discogs.com/release/16035381,https://www.discogs.com/release/16035381,discogs
20,島倉千代子,Chiyoko Shimakura,愛唱集,Aishōshū (Favorite Songs / Songbook),Columbia,ALS-4027,unknown,LP,Japan,Enka / Kayōkyoku,unknown,Columbia ALS-4027 on jacket. Close-up smiling portrait. Full tracklist not verified from Discogs/web within this pass — incomplete.,Photo E BR,20_shimakura_aisho.jpg,https://www.discogs.com/search/?q=島倉千代子+ALS-4027,photo crop fallback,photo_crop_fallback
21,金子晴美,Harumi Kaneko,アイ・ラヴ・ニューヨーク / I Love New York,I Love New York,Philips,FS-7022 (Discogs commonly lists FS-7032 for same title),1979/1980,LP,Japan,Jazz Vocal,"¥2,500 (typical Philips price mark)","Salmon-pink EXCELLENT VOCAL ALBUM obi. Photo shows FS-7022; Discogs/MION list FS-7032 — possible variant or misread; verify spine/label. Feat. Hank Jones, Ron Carter et al.",Photo F TL,21_kaneko_i_love_ny.jpg,https://www.discogs.com/release/4576441,https://www.discogs.com/release/4576441,discogs
22,桜田淳子,Junko Sakurada,ベスト・コレクション '76,Best Collection '76,Victor,SJV-832~3 (photo/tentative also cited SJV-831~2),1976,2LP,Japan,Idol Kayōkyoku,"unknown (often ¥3,600 listed for set)",2LP gatefold; Discogs/MION/FanFan: SJV-832~3. Parent tentative SJV-831~2 — verify jacket. 24 tracks.,Photo F TR,22_sakurada_best76.jpg,https://www.discogs.com/release/7643818,https://www.discogs.com/release/7643818,discogs
23,いしだあゆみ,Ayumi Ishida,魅力のすべて G&G 3000,Miryoku no Subete / Green & Glorious 3000,Columbia,JDX-6003~4,unknown,2LP,Japan,Kayōkyoku,"¥3,000","Pink G&G 3000 obi, 2枚組 ¥3000. Obi lists many titles; full side assignment not fully verified — tracks below from obi reading, sides provisional.",Photo F BL,23_ishida_gg3000.jpg,https://www.discogs.com/search/?q=いしだあゆみ+JDX-6003,photo crop fallback,photo_crop_fallback
24,都はるみ,Harumi Miyako,ベストアルバム,Best Album (cream kimono / blue sakura border),Columbia,unknown (possibly ALS-7054 or related best; NOT AX-7293/#07),unknown,LP,Japan,Enka,unknown,"DISTINCT from #07 and #08. Cream/off-white kimono, peach background, navy blue sakura border, vertical red title panel. Catalog number not visible on front crop. Tracklist unverified for this specific jacket — incomplete.",Photo F BR,24_miyako_best_cream.jpg,,photo crop fallback,photo_crop_fallback
25,西田佐知子,Sachiko Nishida,恋と愛と涙,"Koi to Ai to Namida (Love, Affection, and Tears)",Polydor,MR 8001/2,1970,2LP,Japan,Kayōkyoku / Mood Kayō,"¥2,000","Released 1970-05-01. Orange Polydor obi, 全24曲. Close-up photo batch.",Photo G (close-up),25_nishida_koi_ai_namida.jpg,https://www.discogs.com/release/11645824,https://www.discogs.com/release/11645824,discogs
26,森山良子,Ryoko Moriyama,良子の子守唄,Ryoko's Lullabies / Sings Lullaby,Philips,FS-8021,1968,LP,Japan,Folk / Lullaby,"¥1,700",Philips FS-8021 (1968). Parent tentative FS-8041 is a different Moriyama title; Discogs/MION confirm FS-8021 for 良子の子守唄.,Photo H TL (bc0c643a),26_moriyama_komoriuta.jpg,https://www.discogs.com/release/14059461,https://www.discogs.com/release/14059461,discogs
27,やまがたすみこ,Sumiko Yamagata,風・空・そして愛,"Kaze, Sora, Soshite Ai (Wind, Sky, and Love)",Columbia (Nippon Columbia),CD-7098 (jacket; original often cited YS-10144-J),1973,LP,Japan,Folk / College Folk,"¥2,000 (sticker)",Jacket prints CD-7098. Columbia official: debut LP 1973-03-25; paper-sleeve CD cites original YS-10144. CD-7098 is Columbia CD-series repress/reissue of same album. Tracks match debut 12-song program.,Photo H TR (bc0c643a),27_yamagata_kaze_sora.jpg,https://www.discogs.com/search/?q=やまがたすみこ+風・空・そして愛,photo crop fallback (Photo H TR; やまがたすみこ CD-7098),photo_crop_fallback
28,いしだあゆみ,Ayumi Ishida,リサイタル = My First Recital,My First Recital,Columbia,YS-10075-J,1970,LP,Japan,Kayōkyoku / Live,"¥1,900",Released 1970-01-10. Live 1969-10-27 Sankei Hall. Red Columbia obi. Gatefold. Backing: Nobuo Hara & Sharps & Flats + strings. 17 tracks.,Photo H BL (bc0c643a),28_ishida_recital.jpg,https://www.discogs.com/release/5305338,https://www.discogs.com/release/5305338,discogs
29,西田佐知子,Sachiko Nishida,城ヶ島の雨 — 日本の叙情曲を歌う,Jogashima no Ame — Sings Japanese Lyrical Songs,Polydor,MR 3133,1970,LP,Japan,Kayōkyoku / Lyrical songs,"¥1,700",Released 1970-09-01. Reissue of SLJM-1022 with reordered tracks (Wikipedia). Green panel lists titles. Side split below follows common SLJM/compact program; MR-3133 order may differ — mark if verifying against disc.,Photo H BR (bc0c643a),29_nishida_jogashima.jpg,https://www.discogs.com/release/35741143,https://www.discogs.com/release/35741143,discogs
30,小林幸子,Sachiko Kobayashi,おもいで酒,Omoide-zake,Warner-Pioneer,L-10148W,1979,LP,Japan,Enka,"¥2,500",Jacket L-10148W Warner-Pioneer Best Enka Album. Parent MR-3180 incorrect.,Photo I TL (f3941eba),30_kobayashi_omoidezake.jpg,https://www.discogs.com/release/9432885,https://www.discogs.com/release/9432885,discogs
31,美空ひばり,Hibari Misora,歌は我が命 第2集,Uta wa Waga Inochi Vol. 2,Columbia,ALS-5059 (jacket; tentative ALS-5135 rejected),1968,LP,Japan,Enka / Kayōkyoku,unknown,"CORRECTED: photo top-left prints ALS-5059; Columbia HQCD notes original ALS-5059 (1968-05-29) for 第2集. Tentative ALS-5135 does not match jacket or official discography. Dark blue cover, oval portrait.",Photo I TR (f3941eba),31_misora_uta_waga_inochi_vol2.jpg,https://www.discogs.com/search/?q=美空ひばり+ALS-5059,photo crop fallback (Photo I TR; 美空ひばり ALS-5135),photo_crop_fallback
32,西川峰子,Mineko Nishikawa,あなたにあげる,Anata ni Ageru,Victor,SJX-198 (Discogs/MION; photo tentatively SJX-189),1974,LP,Japan,Kayōkyoku / Enka,unknown,Victor portrait cover. Discogs/MION/SnowRecords list SJX-198 (1974). Photo crop tentatively read SJX-189 — likely 8/9 OCR; verify spine. 12 tracks from MION.,Photo I BL (f3941eba),32_nishikawa_anata_ni_ageru.jpg,https://www.discogs.com/search/?q=西川峰子+SJX-198,photo crop fallback (Photo I BL; 西川峰子 あなたにあげる),photo_crop_fallback
33,都はるみ,Harumi Miyako,大阪しぐれ,Osaka Shigure,Columbia,AX-7226 (Columbia official album; photo tentatively AK-7168),1980,LP,Japan,Enka,unknown,Green vertical banner lists tracks matching Columbia album AX-7226 (1980-02-25). Photo tentatively read AK-7168 (AK-216 is the single). Prefer official AX-7226; verify spine/label. 12 tracks.,Photo I BR (f3941eba),33_miyako_osaka_shigure.jpg,https://www.discogs.com/search/?q=都はるみ+AX-7226,photo crop fallback (Photo I BR; 都はるみ 大阪しぐれ AK-7168),photo_crop_fallback
34,西川峰子,Mineko Nishikawa,ベスト・コレクション '76,Best Collection '76,Victor,SJV-836~7,1975/1976,2LP,Japan,Kayōkyoku / Enka,unknown,Victor SJV-836~7 confirmed. Distinct from #22 Sakurada SJV-832~3. Parent SXV-8002 incorrect.,Photo J TL (53453f40),34_nishikawa_best76.jpg,https://www.discogs.com/search/?q=西川峰子+SJV-836,photo crop fallback (Photo J TL; SJV-836~7 西川峰子 Best Collection '76),photo_crop_fallback
35,藤圭子,Keiko Fuji,悲しみの町 〜オリジナル・ヒット曲集,Kanashimi no Machi / Original Hit Collection (CD-4),RCA,R4J-7021,1973,LP (CD-4 Quadradisc),Japan,Enka,unknown,RCA CD-4 Quadradisc R4J-7021. Jacket primary title 悲しみの町 (parent tentatively called it 怨み節).,Photo J TR (53453f40),35_fuji_uramibushi_cd4.jpg,https://www.discogs.com/release/15416408,https://www.discogs.com/release/15416408,discogs
36,都はるみ,Harumi Miyako,都はるみ・ベスト16,Harumi Miyako Best 16,Columbia,AA-7092,unknown,LP,Japan,Enka,"¥2,500 (series typical)",DUPLICATE WARNING vs #08: same Best16 program / white-kimono-on-blue family. #08 catalogued AX-7092 (notes already said cover may read AA/AX). This copy jacket prints AA-7092 — physically separate copy in photos → keep separate Collection ID. Tracks mirrored from #08 FanFan AX-7092 listing.,Photo J BL (53453f40),36_miyako_best16_aa7092.jpg,https://www.discogs.com/search/?q=都はるみ+AA-7092,photo crop fallback (Miyako white kimono),photo_crop_fallback
37,Various Artists,Various Artists,地球はひとつ SQ 4チャンネル,Chikyū wa Hitotsu / SQ 4-Channel (sampler),Sony / CBS-Sony Special Products,SX-1318 (jacket; dealers also cite SPEC-94019),1971,LP (SQ Quadraphonic),Japan,Pop / Jazz / Sampler,unknown,Black groove-art cover; bottom text 地球はひとつ SQ 4チャンネル; Sony + SX-1318 on jacket. SQ 4-channel demo/sampler known for including 原信夫とシャープス＆フラッツ「Bitter Sweet Samba」. Full side-assigned tracklist not verified without inventing — omit tracks.,Photo J BR (53453f40),37_chikyu_wa_hitotsu_sq.jpg,https://www.discogs.com/release/10331319,https://www.discogs.com/release/10331319,discogs
38,赤い鳥,The Red Birds (Akai Tori),THE RED BIRDS STUDIO LIVE / スタジオ・ライブ,Studio Live,Liberty (Toshiba Musical Industries),LTP-9049,1971,LP,Japan,Folk / Pop,"¥1,380 (sticker)",Red pop-art cover. Recorded 1971-10-12 Toshiba Studio No.1. MION/Discogs LTP-9049. 12 tracks.,Photo K TL (fbe97a1e),38_red_birds_studio_live.jpg,https://www.discogs.com/release/12971621,https://www.discogs.com/release/12971621,discogs
39,赤い鳥,The Red Birds (Akai Tori),ゴールデン・ディスク,Golden Disk (2LP),Toshiba Express / Liberty,ETP-60223~24,unknown,2LP,Japan,Folk / Pop,"¥2,380 (sticker)",Jacket shows ETP-60223~24 (parent ETP-60222~23). Orange-border 2LP group photo.,Photo K TR (fbe97a1e),39_akai_tori_golden_disk.jpg,https://www.discogs.com/search/?q=赤い鳥+ETP-60222,photo crop fallback (Photo K TR; 赤い鳥 ETP-60223~24),photo_crop_fallback
40,（要確認）愛吟集演者,(verify — Aiginshū Vol.2 performer),愛吟集 第2集,Aiginshū Vol. 2 (Favorite Gin’ei Songs Vol. 2),Victor,unknown (NOT SJX-10115),unknown,LP,Japan,Traditional / Gin’ei (吟詠),unknown,Moon & sakura 愛吟集 第2集. Discogs SJX-10115 is 浜口庫之助 雨のピエロ — catalog collision; do not use. Jacket catalog unconfirmed on crop.,Photo K BL (fbe97a1e),40_sasagawa_aiginshu_vol2.jpg,https://www.discogs.com/search/?q=SJX-10115,photo crop fallback (Photo K BL; 愛吟集 第2集 moon/sakura — catalog ≠ SJX-10115),photo_crop_fallback
41,芳村伊十郎・杵屋正次郎 他（要確認表記）,"Yoshimura Ijūrō, Kineya Shōjirō et al. (verify jacket credits)",長唄 新曲浦島,Nagauta Shinkyoku Urashima,Sony,CL-22,unknown,LP,Japan,Traditional / Nagauta,unknown,Sony CL-22; English NAGAUTA SHINKYOKU URASHIMA; woodblock-style Urashima figure. Photo credits mention Yoshimura / Kineya performers — verify exact name forms on jacket. Tracklist (likely multi-part nagauta) not verified — omit.,Photo K BR (fbe97a1e),41_nagauta_urashima_cl22.jpg,https://www.discogs.com/release/13923247,https://www.discogs.com/release/13923247,discogs
